date,market,commodity,unit,pricetype,currency,price
2006-01-15,Nairobi,Maize,KG,Wholesale,KES,15.48
2006-01-15,Nairobi,Beans,KG,Wholesale,KES,42.31
2006-01-15,Kisumu,Maize,KG,Wholesale,KES,14.84
2006-01-15,Kisumu,Beans,KG,Wholesale,KES,39.61
2006-02-15,Nairobi,Maize,KG,Wholesale,KES,16.41
2006-02-15,Kisumu,Maize,KG,Wholesale,KES,17.83
2006-02-15,Kisumu,Beans,KG,Wholesale,KES,42.79
2006-03-15,Nairobi,Maize,KG,Wholesale,KES,16.91
2006-03-15,Nairobi,Beans,KG,Wholesale,KES,42.31
2006-03-15,Kisumu,Maize,KG,Wholesale,KES,14.75
2006-03-15,Kisumu,Beans,KG,Wholesale,KES,54.52
2006-04-15,Nairobi,Maize,KG,Wholesale,KES,17.02
2006-04-15,Kisumu,Maize,KG,Wholesale,KES,16.6
2006-04-15,Kisumu,Beans,KG,Wholesale,KES,50.15
2006-05-15,Nairobi,Maize,KG,Wholesale,KES,17.71
2006-05-15,Nairobi,Beans,KG,Wholesale,KES,49.72
2006-05-15,Kisumu,Maize,KG,Wholesale,KES,18.77
2006-05-15,Kisumu,Beans,KG,Wholesale,KES,48.09
2006-06-15,Nairobi,Beans,KG,Wholesale,KES,33.07
2006-06-15,Kisumu,Maize,KG,Wholesale,KES,19.3
2006-06-15,Kisumu,Beans,KG,Wholesale,KES,38.51
2006-07-15,Nairobi,Maize,KG,Wholesale,KES,18.61
2006-07-15,Kisumu,Maize,KG,Wholesale,KES,17.26
2006-07-15,Kisumu,Beans,KG,Wholesale,KES,34.77
2006-08-15,Kisumu,Maize,KG,Wholesale,KES,15.24
2006-09-15,Nairobi,Maize,KG,Wholesale,KES,14.8
2006-09-15,Nairobi,Beans,KG,Wholesale,KES,34.75
2006-09-15,Kisumu,Maize,KG,Wholesale,KES,13.6
2006-09-15,Kisumu,Beans,KG,Wholesale,KES,30.74
2006-10-15,Kisumu,Maize,KG,Wholesale,KES,13.67
2006-11-15,Nairobi,Maize,KG,Wholesale,KES,14.19
2006-11-15,Nairobi,Beans,KG,Wholesale,KES,34.03
2006-11-15,Kisumu,Maize,KG,Wholesale,KES,14.0
2006-12-15,Nairobi,Maize,KG,Wholesale,KES,13.34
2006-12-15,Nairobi,Beans,KG,Wholesale,KES,31.98
2006-12-15,Kisumu,Maize,KG,Wholesale,KES,15.25
2006-12-15,Kisumu,Beans,KG,Wholesale,KES,34.71
2007-01-15,Nairobi,Maize,KG,Wholesale,KES,15.0
2007-01-15,Nairobi,Beans,KG,Wholesale,KES,33.38
2007-01-15,Kisumu,Maize,KG,Wholesale,KES,15.47
2007-01-15,Kisumu,Beans,KG,Wholesale,KES,38.2
2007-02-15,Nairobi,Maize,KG,Wholesale,KES,14.69
2007-02-15,Nairobi,Beans,KG,Wholesale,KES,31.35
2007-02-15,Kisumu,Maize,KG,Wholesale,KES,15.45
2007-02-15,Kisumu,Beans,KG,Wholesale,KES,34.48
2007-03-15,Nairobi,Maize,KG,Wholesale,KES,13.27
2007-03-15,Nairobi,Beans,KG,Wholesale,KES,33.96
2007-03-15,Kisumu,Maize,KG,Wholesale,KES,15.03
2007-04-15,Nairobi,Beans,KG,Wholesale,KES,32.29
2007-04-15,Kisumu,Maize,KG,Wholesale,KES,13.3
2007-04-15,Kisumu,Beans,KG,Wholesale,KES,39.57
2007-05-15,Nairobi,Maize,KG,Wholesale,KES,13.53
2007-05-15,Kisumu,Maize,KG,Wholesale,KES,14.24
2007-06-15,Kisumu,Maize,KG,Wholesale,KES,14.14
2007-07-15,Nairobi,Maize,KG,Wholesale,KES,13.4
2007-07-15,Nairobi,Beans,KG,Wholesale,KES,35.38
2007-07-15,Kisumu,Maize,KG,Wholesale,KES,14.75
2007-07-15,Kisumu,Beans,KG,Wholesale,KES,41.22
2007-08-15,Nairobi,Maize,KG,Wholesale,KES,13.17
2007-08-15,Nairobi,Beans,KG,Wholesale,KES,33.65
2007-08-15,Kisumu,Maize,KG,Wholesale,KES,15.36
2007-08-15,Kisumu,Beans,KG,Wholesale,KES,43.9
2007-09-15,Nairobi,Maize,KG,Wholesale,KES,13.49
2007-09-15,Nairobi,Beans,KG,Wholesale,KES,35.89
2007-09-15,Kisumu,Maize,KG,Wholesale,KES,13.96
2007-09-15,Kisumu,Beans,KG,Wholesale,KES,49.69
2007-10-15,Nairobi,Maize,KG,Wholesale,KES,13.43
2007-10-15,Nairobi,Beans,KG,Wholesale,KES,35.09
2007-10-15,Kisumu,Maize,KG,Wholesale,KES,13.83
2007-10-15,Kisumu,Beans,KG,Wholesale,KES,46.06
2007-11-15,Nairobi,Beans,KG,Wholesale,KES,35.42
2007-11-15,Kisumu,Maize,KG,Wholesale,KES,14.28
2007-12-15,Kisumu,Maize,KG,Wholesale,KES,13.18
2007-12-15,Kisumu,Beans,KG,Wholesale,KES,43.89
2008-01-15,Nairobi,Beans,KG,Wholesale,KES,40.39
2008-02-15,Nairobi,Beans,KG,Wholesale,KES,40.46
2008-03-15,Nairobi,Maize,KG,Wholesale,KES,15.05
2008-03-15,Nairobi,Beans,KG,Wholesale,KES,53.15
2008-04-15,Nairobi,Maize,KG,Wholesale,KES,16.04
2008-04-15,Nairobi,Beans,KG,Wholesale,KES,56.73
2008-04-15,Kisumu,Maize,KG,Wholesale,KES,19.63
2008-04-15,Kisumu,Beans,KG,Wholesale,KES,65.69
2008-05-15,Nairobi,Maize,KG,Wholesale,KES,20.46
2008-05-15,Kisumu,Maize,KG,Wholesale,KES,25.54
2008-05-15,Kisumu,Beans,KG,Wholesale,KES,61.98
2008-06-15,Nairobi,Maize,KG,Wholesale,KES,23.5
2008-06-15,Kisumu,Maize,KG,Wholesale,KES,23.52
2008-06-15,Kisumu,Beans,KG,Wholesale,KES,51.99
2008-07-15,Nairobi,Beans,KG,Wholesale,KES,53.8
2008-07-15,Kisumu,Maize,KG,Wholesale,KES,24.78
2008-07-15,Kisumu,Beans,KG,Wholesale,KES,48.14
2008-08-15,Nairobi,Maize,KG,Wholesale,KES,22.31
2008-08-15,Nairobi,Beans,KG,Wholesale,KES,51.23
2008-08-15,Kisumu,Maize,KG,Wholesale,KES,23.72
2008-09-15,Nairobi,Beans,KG,Wholesale,KES,51.06
2008-09-15,Kisumu,Maize,KG,Wholesale,KES,23.43
2008-10-15,Nairobi,Maize,KG,Wholesale,KES,25.11
2008-10-15,Nairobi,Beans,KG,Wholesale,KES,53.35
2008-10-15,Kisumu,Maize,KG,Wholesale,KES,24.2
2008-11-15,Nairobi,Maize,KG,Wholesale,KES,27.46
2008-11-15,Nairobi,Beans,KG,Wholesale,KES,52.45
2008-11-15,Kisumu,Maize,KG,Wholesale,KES,26.39
2008-12-15,Kisumu,Maize,KG,Wholesale,KES,29.44
2009-01-15,Nairobi,Maize,KG,Wholesale,KES,23.37
2009-01-15,Kisumu,Maize,KG,Wholesale,KES,29.43
2009-01-15,Kisumu,Beans,KG,Wholesale,KES,67.51
2009-02-15,Kisumu,Maize,KG,Wholesale,KES,30.39
2009-03-15,Nairobi,Maize,KG,Wholesale,KES,29.67
2009-03-15,Nairobi,Beans,KG,Wholesale,KES,52.78
2009-03-15,Kisumu,Maize,KG,Wholesale,KES,30.56
2009-03-15,Kisumu,Beans,KG,Wholesale,KES,67.84
2009-04-15,Nairobi,Maize,KG,Wholesale,KES,30.04
2009-04-15,Kisumu,Maize,KG,Wholesale,KES,28.94
2009-04-15,Kisumu,Beans,KG,Wholesale,KES,63.29
2009-05-15,Nairobi,Maize,KG,Wholesale,KES,33.27
2009-05-15,Kisumu,Maize,KG,Wholesale,KES,28.41
2009-05-15,Kisumu,Beans,KG,Wholesale,KES,55.45
2009-06-15,Nairobi,Maize,KG,Wholesale,KES,29.36
2009-06-15,Nairobi,Beans,KG,Wholesale,KES,50.9
2009-06-15,Kisumu,Maize,KG,Wholesale,KES,26.04
2009-06-15,Kisumu,Beans,KG,Wholesale,KES,43.15
2009-07-15,Kisumu,Maize,KG,Wholesale,KES,26.51
2009-07-15,Kisumu,Beans,KG,Wholesale,KES,51.35
2009-08-15,Nairobi,Maize,KG,Wholesale,KES,27.23
2009-08-15,Nairobi,Beans,KG,Wholesale,KES,46.16
2009-08-15,Kisumu,Maize,KG,Wholesale,KES,31.88
2009-08-15,Kisumu,Beans,KG,Wholesale,KES,44.09
2009-09-15,Nairobi,Maize,KG,Wholesale,KES,28.39
2009-09-15,Nairobi,Beans,KG,Wholesale,KES,49.51
2009-09-15,Kisumu,Maize,KG,Wholesale,KES,26.37
2009-09-15,Kisumu,Beans,KG,Wholesale,KES,61.57
2009-10-15,Nairobi,Maize,KG,Wholesale,KES,25.82
2009-10-15,Nairobi,Beans,KG,Wholesale,KES,50.88
2009-10-15,Kisumu,Maize,KG,Wholesale,KES,26.1
2009-10-15,Kisumu,Beans,KG,Wholesale,KES,59.87
2009-11-15,Nairobi,Maize,KG,Wholesale,KES,26.93
2009-11-15,Kisumu,Maize,KG,Wholesale,KES,26.19
2009-12-15,Nairobi,Maize,KG,Wholesale,KES,29.28
2009-12-15,Nairobi,Beans,KG,Wholesale,KES,51.93
2009-12-15,Kisumu,Maize,KG,Wholesale,KES,26.23
2010-01-15,Nairobi,Maize,KG,Wholesale,KES,27.28
2010-01-15,Nairobi,Beans,KG,Wholesale,KES,49.84
2010-01-15,Kisumu,Maize,KG,Wholesale,KES,26.41
2010-01-15,Kisumu,Beans,KG,Wholesale,KES,50.55
2010-02-15,Kisumu,Maize,KG,Wholesale,KES,25.71
2010-02-15,Kisumu,Beans,KG,Wholesale,KES,48.74
2010-03-15,Nairobi,Beans,KG,Wholesale,KES,51.29
2010-03-15,Kisumu,Maize,KG,Wholesale,KES,24.77
2010-03-15,Kisumu,Beans,KG,Wholesale,KES,49.21
2010-04-15,Nairobi,Maize,KG,Wholesale,KES,22.28
2010-04-15,Nairobi,Beans,KG,Wholesale,KES,51.57
2010-04-15,Kisumu,Maize,KG,Wholesale,KES,25.85
2010-04-15,Kisumu,Beans,KG,Wholesale,KES,49.81
2010-05-15,Nairobi,Maize,KG,Wholesale,KES,19.2
2010-05-15,Kisumu,Maize,KG,Wholesale,KES,18.72
2010-05-15,Kisumu,Beans,KG,Wholesale,KES,48.39
2010-06-15,Nairobi,Maize,KG,Wholesale,KES,18.68
2010-06-15,Kisumu,Maize,KG,Wholesale,KES,18.86
2010-07-15,Nairobi,Maize,KG,Wholesale,KES,13.61
2010-07-15,Kisumu,Maize,KG,Wholesale,KES,16.42
2010-07-15,Kisumu,Beans,KG,Wholesale,KES,41.15
2010-08-15,Nairobi,Beans,KG,Wholesale,KES,49.06
2010-08-15,Kisumu,Maize,KG,Wholesale,KES,16.81
2010-09-15,Nairobi,Maize,KG,Wholesale,KES,16.71
2010-09-15,Nairobi,Beans,KG,Wholesale,KES,56.05
2010-09-15,Kisumu,Maize,KG,Wholesale,KES,17.4
2010-09-15,Kisumu,Beans,KG,Wholesale,KES,62.56
2010-10-15,Nairobi,Maize,KG,Wholesale,KES,16.86
2010-10-15,Nairobi,Beans,KG,Wholesale,KES,60.76
2010-10-15,Kisumu,Maize,KG,Wholesale,KES,18.15
2010-10-15,Kisumu,Beans,KG,Wholesale,KES,56.62
2010-11-15,Kisumu,Maize,KG,Wholesale,KES,19.41
2010-12-15,Nairobi,Beans,KG,Wholesale,KES,61.05
2010-12-15,Kisumu,Maize,KG,Wholesale,KES,19.1
2011-01-15,Kisumu,Maize,KG,Wholesale,KES,18.89
2011-02-15,Nairobi,Beans,KG,Wholesale,KES,55.46
2011-02-15,Kisumu,Maize,KG,Wholesale,KES,22.04
2011-03-15,Nairobi,Maize,KG,Wholesale,KES,23.39
2011-03-15,Kisumu,Maize,KG,Wholesale,KES,25.11
2011-03-15,Kisumu,Beans,KG,Wholesale,KES,61.87
2011-04-15,Nairobi,Beans,KG,Wholesale,KES,71.89
2011-04-15,Kisumu,Maize,KG,Wholesale,KES,33.23
2011-05-15,Nairobi,Beans,KG,Wholesale,KES,79.42
2011-05-15,Kisumu,Maize,KG,Wholesale,KES,39.62
2011-05-15,Kisumu,Beans,KG,Wholesale,KES,83.56
2011-06-15,Kisumu,Maize,KG,Wholesale,KES,44.01
2011-07-15,Nairobi,Maize,KG,Wholesale,KES,45.58
2011-07-15,Nairobi,Beans,KG,Wholesale,KES,63.53
2011-07-15,Kisumu,Maize,KG,Wholesale,KES,53.03
2011-08-15,Nairobi,Maize,KG,Wholesale,KES,42.93
2011-08-15,Kisumu,Maize,KG,Wholesale,KES,43.63
2011-08-15,Kisumu,Beans,KG,Wholesale,KES,79.05
2011-09-15,Nairobi,Beans,KG,Wholesale,KES,75.44
2011-09-15,Kisumu,Maize,KG,Wholesale,KES,35.95
2011-09-15,Kisumu,Beans,KG,Wholesale,KES,78.69
2011-10-15,Nairobi,Maize,KG,Wholesale,KES,33.63
2011-10-15,Nairobi,Beans,KG,Wholesale,KES,67.18
2011-10-15,Kisumu,Maize,KG,Wholesale,KES,34.56
2011-10-15,Kisumu,Beans,KG,Wholesale,KES,75.04
2011-11-15,Nairobi,Maize,KG,Wholesale,KES,35.52
2011-11-15,Nairobi,Beans,KG,Wholesale,KES,59.56
2011-11-15,Kisumu,Maize,KG,Wholesale,KES,38.48
2011-12-15,Nairobi,Beans,KG,Wholesale,KES,61.4
2011-12-15,Kisumu,Maize,KG,Wholesale,KES,39.98
2011-12-15,Kisumu,Beans,KG,Wholesale,KES,72.74
2012-01-15,Nairobi,Beans,KG,Wholesale,KES,58.57
2012-01-15,Kisumu,Maize,KG,Wholesale,KES,39.48
2012-01-15,Kisumu,Beans,KG,Wholesale,KES,74.75
2012-02-15,Nairobi,Maize,KG,Wholesale,KES,30.2
2012-02-15,Kisumu,Maize,KG,Wholesale,KES,38.15
2012-03-15,Nairobi,Maize,KG,Wholesale,KES,29.5
2012-03-15,Kisumu,Maize,KG,Wholesale,KES,35.18
2012-03-15,Kisumu,Beans,KG,Wholesale,KES,73.92
2012-04-15,Nairobi,Maize,KG,Wholesale,KES,30.54
2012-04-15,Kisumu,Maize,KG,Wholesale,KES,34.96
2012-04-15,Kisumu,Beans,KG,Wholesale,KES,69.24
2012-05-15,Nairobi,Maize,KG,Wholesale,KES,35.96
2012-05-15,Nairobi,Beans,KG,Wholesale,KES,64.71
2012-05-15,Kisumu,Maize,KG,Wholesale,KES,38.66
2012-05-15,Kisumu,Beans,KG,Wholesale,KES,73.14
2012-06-15,Nairobi,Maize,KG,Wholesale,KES,38.31
2012-06-15,Nairobi,Beans,KG,Wholesale,KES,63.83
2012-06-15,Kisumu,Maize,KG,Wholesale,KES,44.26
2012-07-15,Kisumu,Maize,KG,Wholesale,KES,39.77
2012-07-15,Kisumu,Beans,KG,Wholesale,KES,60.14
2012-08-15,Nairobi,Beans,KG,Wholesale,KES,51.7
2012-08-15,Kisumu,Maize,KG,Wholesale,KES,38.23
2012-08-15,Kisumu,Beans,KG,Wholesale,KES,54.41
2012-09-15,Kisumu,Maize,KG,Wholesale,KES,32.62
2012-10-15,Nairobi,Maize,KG,Wholesale,KES,37.83
2012-10-15,Nairobi,Beans,KG,Wholesale,KES,57.08
2012-10-15,Kisumu,Maize,KG,Wholesale,KES,31.68
2012-10-15,Kisumu,Beans,KG,Wholesale,KES,52.66
2012-11-15,Nairobi,Maize,KG,Wholesale,KES,37.86
2012-11-15,Kisumu,Maize,KG,Wholesale,KES,32.19
2012-11-15,Kisumu,Beans,KG,Wholesale,KES,53.24
2012-12-15,Nairobi,Maize,KG,Wholesale,KES,33.95
2012-12-15,Nairobi,Beans,KG,Wholesale,KES,58.58
2012-12-15,Kisumu,Maize,KG,Wholesale,KES,32.22
2013-01-15,Nairobi,Beans,KG,Wholesale,KES,61.84
2013-01-15,Kisumu,Maize,KG,Wholesale,KES,32.24
2013-02-15,Nairobi,Maize,KG,Wholesale,KES,30.97
2013-02-15,Nairobi,Beans,KG,Wholesale,KES,60.83
2013-02-15,Kisumu,Maize,KG,Wholesale,KES,30.97
2013-02-15,Kisumu,Beans,KG,Wholesale,KES,74.93
2013-03-15,Nairobi,Maize,KG,Wholesale,KES,31.55
2013-03-15,Nairobi,Beans,KG,Wholesale,KES,72.52
2013-03-15,Kisumu,Maize,KG,Wholesale,KES,33.47
2013-03-15,Kisumu,Beans,KG,Wholesale,KES,77.16
2013-04-15,Nairobi,Beans,KG,Wholesale,KES,69.78
2013-04-15,Kisumu,Maize,KG,Wholesale,KES,34.52
2013-04-15,Kisumu,Beans,KG,Wholesale,KES,79.87
2013-05-15,Kisumu,Maize,KG,Wholesale,KES,32.69
2013-05-15,Kisumu,Beans,KG,Wholesale,KES,80.52
2013-06-15,Kisumu,Maize,KG,Wholesale,KES,31.86
2013-07-15,Nairobi,Beans,KG,Wholesale,KES,58.79
2013-07-15,Kisumu,Maize,KG,Wholesale,KES,31.14
2013-08-15,Nairobi,Maize,KG,Wholesale,KES,29.31
2013-08-15,Kisumu,Maize,KG,Wholesale,KES,31.03
2013-09-15,Nairobi,Beans,KG,Wholesale,KES,72.53
2013-09-15,Kisumu,Maize,KG,Wholesale,KES,33.11
2013-10-15,Nairobi,Maize,KG,Wholesale,KES,33.7
2013-10-15,Nairobi,Beans,KG,Wholesale,KES,71.22
2013-10-15,Kisumu,Maize,KG,Wholesale,KES,34.98
2013-10-15,Kisumu,Beans,KG,Wholesale,KES,84.95
2013-11-15,Nairobi,Maize,KG,Wholesale,KES,34.18
2013-11-15,Kisumu,Maize,KG,Wholesale,KES,35.18
2013-12-15,Nairobi,Maize,KG,Wholesale,KES,34.05
2013-12-15,Kisumu,Maize,KG,Wholesale,KES,35.06
2014-01-15,Nairobi,Maize,KG,Wholesale,KES,32.7
2014-01-15,Nairobi,Beans,KG,Wholesale,KES,65.32
2014-01-15,Kisumu,Maize,KG,Wholesale,KES,35.07
2014-02-15,Nairobi,Maize,KG,Wholesale,KES,33.05
2014-02-15,Kisumu,Maize,KG,Wholesale,KES,35.06
2014-03-15,Nairobi,Maize,KG,Wholesale,KES,33.0
2014-03-15,Kisumu,Maize,KG,Wholesale,KES,35.0
2014-03-15,Kisumu,Beans,KG,Wholesale,KES,84.76
2014-04-15,Nairobi,Maize,KG,Wholesale,KES,33.04
2014-04-15,Nairobi,Beans,KG,Wholesale,KES,67.07
2014-04-15,Kisumu,Maize,KG,Wholesale,KES,35.1
2014-04-15,Kisumu,Beans,KG,Wholesale,KES,85.2
2014-05-15,Nairobi,Beans,KG,Wholesale,KES,68.89
2014-05-15,Kisumu,Maize,KG,Wholesale,KES,35.09
2014-05-15,Kisumu,Beans,KG,Wholesale,KES,84.88
2014-06-15,Nairobi,Beans,KG,Wholesale,KES,66.84
2014-06-15,Kisumu,Maize,KG,Wholesale,KES,37.89
2014-07-15,Kisumu,Maize,KG,Wholesale,KES,40.01
2014-08-15,Nairobi,Maize,KG,Wholesale,KES,25.94
2014-08-15,Nairobi,Beans,KG,Wholesale,KES,52.14
2014-08-15,Kisumu,Maize,KG,Wholesale,KES,40.04
2014-09-15,Nairobi,Maize,KG,Wholesale,KES,29.29
2014-09-15,Nairobi,Beans,KG,Wholesale,KES,55.19
2014-09-15,Kisumu,Maize,KG,Wholesale,KES,40.09
2014-09-15,Kisumu,Beans,KG,Wholesale,KES,90.2
2014-10-15,Nairobi,Maize,KG,Wholesale,KES,26.12
2014-10-15,Nairobi,Beans,KG,Wholesale,KES,55.07
2014-10-15,Kisumu,Maize,KG,Wholesale,KES,38.11
2014-11-15,Nairobi,Maize,KG,Wholesale,KES,25.57
2014-11-15,Kisumu,Maize,KG,Wholesale,KES,35.45
2014-11-15,Kisumu,Beans,KG,Wholesale,KES,75.97
2014-12-15,Nairobi,Maize,KG,Wholesale,KES,26.39
2014-12-15,Nairobi,Beans,KG,Wholesale,KES,53.31
2014-12-15,Kisumu,Maize,KG,Wholesale,KES,30.75
2014-12-15,Kisumu,Beans,KG,Wholesale,KES,76.04
2015-01-15,Nairobi,Beans,KG,Wholesale,KES,58.26
2015-01-15,Kisumu,Maize,KG,Wholesale,KES,30.12
2015-01-15,Kisumu,Beans,KG,Wholesale,KES,75.31
2015-02-15,Nairobi,Beans,KG,Wholesale,KES,63.88
2015-02-15,Kisumu,Maize,KG,Wholesale,KES,30.24
2015-02-15,Kisumu,Beans,KG,Wholesale,KES,75.58
2015-03-15,Nairobi,Maize,KG,Wholesale,KES,25.57
2015-03-15,Nairobi,Beans,KG,Wholesale,KES,72.9
2015-03-15,Kisumu,Maize,KG,Wholesale,KES,30.22
2015-04-15,Nairobi,Maize,KG,Wholesale,KES,32.77
2015-04-15,Nairobi,Beans,KG,Wholesale,KES,80.5
2015-04-15,Kisumu,Maize,KG,Wholesale,KES,36.11
2015-05-15,Nairobi,Maize,KG,Wholesale,KES,35.4
2015-05-15,Nairobi,Beans,KG,Wholesale,KES,89.18
2015-05-15,Kisumu,Maize,KG,Wholesale,KES,35.47
2015-05-15,Kisumu,Beans,KG,Wholesale,KES,76.0
2015-06-15,Nairobi,Maize,KG,Wholesale,KES,35.56
2015-06-15,Nairobi,Beans,KG,Wholesale,KES,66.17
2015-06-15,Kisumu,Maize,KG,Wholesale,KES,35.09
2015-06-15,Kisumu,Beans,KG,Wholesale,KES,78.33
2015-07-15,Kisumu,Maize,KG,Wholesale,KES,30.68
2015-08-15,Nairobi,Maize,KG,Wholesale,KES,38.2
2015-08-15,Nairobi,Beans,KG,Wholesale,KES,60.32
2015-08-15,Kisumu,Maize,KG,Wholesale,KES,30.04
2015-09-15,Nairobi,Maize,KG,Wholesale,KES,35.69
2015-09-15,Kisumu,Maize,KG,Wholesale,KES,28.23
2015-09-15,Kisumu,Beans,KG,Wholesale,KES,59.78
2015-10-15,Nairobi,Maize,KG,Wholesale,KES,33.18
2015-10-15,Kisumu,Maize,KG,Wholesale,KES,28.77
2015-11-15,Kisumu,Maize,KG,Wholesale,KES,30.68
2015-11-15,Kisumu,Beans,KG,Wholesale,KES,71.58
2015-12-15,Nairobi,Maize,KG,Wholesale,KES,31.77
2015-12-15,Kisumu,Maize,KG,Wholesale,KES,31.12
2015-12-15,Kisumu,Beans,KG,Wholesale,KES,71.04
2016-01-15,Nairobi,Maize,KG,Wholesale,KES,31.23
2016-01-15,Kisumu,Maize,KG,Wholesale,KES,29.22
2016-01-15,Kisumu,Beans,KG,Wholesale,KES,70.53
2016-02-15,Kisumu,Maize,KG,Wholesale,KES,30.33
2016-02-15,Kisumu,Beans,KG,Wholesale,KES,70.22
2016-03-15,Nairobi,Maize,KG,Wholesale,KES,30.43
2016-03-15,Kisumu,Maize,KG,Wholesale,KES,30.1
2016-03-15,Kisumu,Beans,KG,Wholesale,KES,69.91
2016-04-15,Nairobi,Maize,KG,Wholesale,KES,31.05
2016-04-15,Kisumu,Maize,KG,Wholesale,KES,30.2
2016-04-15,Kisumu,Beans,KG,Wholesale,KES,70.46
2016-05-15,Nairobi,Maize,KG,Wholesale,KES,30.81
2016-05-15,Kisumu,Maize,KG,Wholesale,KES,32.3
2016-05-15,Kisumu,Beans,KG,Wholesale,KES,70.58
2016-06-15,Kisumu,Maize,KG,Wholesale,KES,35.0
2016-06-15,Kisumu,Beans,KG,Wholesale,KES,65.29
2016-07-15,Kisumu,Maize,KG,Wholesale,KES,34.98
2016-07-15,Kisumu,Beans,KG,Wholesale,KES,64.97
2016-08-15,Kisumu,Maize,KG,Wholesale,KES,34.95
2016-08-15,Kisumu,Beans,KG,Wholesale,KES,64.91
2016-09-15,Nairobi,Maize,KG,Wholesale,KES,30.01
2016-09-15,Kisumu,Maize,KG,Wholesale,KES,35.01
2016-10-15,Kisumu,Maize,KG,Wholesale,KES,34.99
2016-10-15,Kisumu,Beans,KG,Wholesale,KES,59.99
2016-11-15,Nairobi,Maize,KG,Wholesale,KES,32.0
2016-11-15,Kisumu,Maize,KG,Wholesale,KES,35.01
2016-11-15,Kisumu,Beans,KG,Wholesale,KES,62.06
2016-12-15,Nairobi,Maize,KG,Wholesale,KES,31.8
2016-12-15,Kisumu,Maize,KG,Wholesale,KES,34.78
2016-12-15,Kisumu,Beans,KG,Wholesale,KES,62.1
2017-01-15,Nairobi,Maize,KG,Wholesale,KES,31.86
2017-01-15,Kisumu,Maize,KG,Wholesale,KES,39.71
2017-01-15,Kisumu,Beans,KG,Wholesale,KES,72.8
2017-02-15,Kisumu,Maize,KG,Wholesale,KES,41.83
2017-02-15,Kisumu,Beans,KG,Wholesale,KES,75.53
2017-03-15,Nairobi,Maize,KG,Wholesale,KES,44.99
2017-03-15,Kisumu,Maize,KG,Wholesale,KES,49.95
2017-04-15,Nairobi,Maize,KG,Wholesale,KES,45.0
2017-04-15,Kisumu,Maize,KG,Wholesale,KES,53.95
2017-05-15,Nairobi,Maize,KG,Wholesale,KES,49.2
2017-05-15,Kisumu,Maize,KG,Wholesale,KES,59.39
2017-05-15,Kisumu,Beans,KG,Wholesale,KES,85.75
2017-06-15,Kisumu,Maize,KG,Wholesale,KES,60.02
2017-06-15,Kisumu,Beans,KG,Wholesale,KES,74.17
2017-07-15,Nairobi,Maize,KG,Wholesale,KES,54.05
2017-07-15,Kisumu,Maize,KG,Wholesale,KES,48.83
2017-07-15,Kisumu,Beans,KG,Wholesale,KES,72.7
2017-08-15,Kisumu,Maize,KG,Wholesale,KES,41.14
2017-08-15,Kisumu,Beans,KG,Wholesale,KES,70.85
2017-09-15,Nairobi,Beans,KG,Wholesale,KES,63.33
2017-09-15,Kisumu,Maize,KG,Wholesale,KES,39.71
2017-09-15,Kisumu,Beans,KG,Wholesale,KES,73.7
2017-10-15,Kisumu,Maize,KG,Wholesale,KES,38.13
2017-10-15,Kisumu,Beans,KG,Wholesale,KES,77.5
2017-11-15,Kisumu,Maize,KG,Wholesale,KES,35.63
2017-11-15,Kisumu,Beans,KG,Wholesale,KES,70.23
2017-12-15,Kisumu,Maize,KG,Wholesale,KES,35.02
2017-12-15,Kisumu,Beans,KG,Wholesale,KES,70.04
2018-01-15,Nairobi,Maize,KG,Wholesale,KES,42.27
2018-01-15,Nairobi,Beans,KG,Wholesale,KES,81.27
2018-01-15,Kisumu,Maize,KG,Wholesale,KES,34.53
2018-02-15,Nairobi,Maize,KG,Wholesale,KES,36.86
2018-02-15,Kisumu,Maize,KG,Wholesale,KES,35.01
2018-03-15,Nairobi,Maize,KG,Wholesale,KES,32.97
2018-03-15,Kisumu,Maize,KG,Wholesale,KES,36.48
2018-04-15,Kisumu,Maize,KG,Wholesale,KES,37.32
2018-05-15,Nairobi,Beans,KG,Wholesale,KES,59.21
2018-05-15,Kisumu,Maize,KG,Wholesale,KES,33.46
2018-05-15,Kisumu,Beans,KG,Wholesale,KES,66.23
2018-06-15,Nairobi,Beans,KG,Wholesale,KES,54.71
2018-06-15,Kisumu,Maize,KG,Wholesale,KES,30.88
2018-07-15,Nairobi,Maize,KG,Wholesale,KES,30.19
2018-07-15,Kisumu,Maize,KG,Wholesale,KES,29.86
2018-07-15,Kisumu,Beans,KG,Wholesale,KES,55.47
2018-08-15,Nairobi,Beans,KG,Wholesale,KES,50.11
2018-08-15,Kisumu,Maize,KG,Wholesale,KES,25.67
2018-08-15,Kisumu,Beans,KG,Wholesale,KES,59.91
2018-09-15,Nairobi,Beans,KG,Wholesale,KES,54.61
2018-09-15,Kisumu,Maize,KG,Wholesale,KES,29.25
2018-09-15,Kisumu,Beans,KG,Wholesale,KES,60.06
2018-10-15,Nairobi,Maize,KG,Wholesale,KES,22.17
2018-10-15,Nairobi,Beans,KG,Wholesale,KES,56.01
2018-10-15,Kisumu,Maize,KG,Wholesale,KES,29.87
2018-10-15,Kisumu,Beans,KG,Wholesale,KES,59.45
2018-11-15,Nairobi,Beans,KG,Wholesale,KES,52.03
2018-11-15,Kisumu,Maize,KG,Wholesale,KES,30.94
2018-11-15,Kisumu,Beans,KG,Wholesale,KES,62.46
2018-12-15,Kisumu,Maize,KG,Wholesale,KES,30.72
2019-01-15,Nairobi,Maize,KG,Wholesale,KES,27.11
2019-01-15,Nairobi,Beans,KG,Wholesale,KES,52.15
2019-01-15,Kisumu,Maize,KG,Wholesale,KES,31.23
2019-01-15,Kisumu,Beans,KG,Wholesale,KES,63.32
2019-02-15,Nairobi,Maize,KG,Wholesale,KES,27.08
2019-02-15,Kisumu,Maize,KG,Wholesale,KES,28.24
2019-02-15,Kisumu,Beans,KG,Wholesale,KES,60.01
2019-03-15,Nairobi,Maize,KG,Wholesale,KES,26.13
2019-03-15,Nairobi,Beans,KG,Wholesale,KES,41.73
2019-03-15,Kisumu,Maize,KG,Wholesale,KES,28.21
2019-03-15,Kisumu,Beans,KG,Wholesale,KES,59.98
2019-04-15,Nairobi,Maize,KG,Wholesale,KES,31.3
2019-04-15,Nairobi,Beans,KG,Wholesale,KES,50.67
2019-04-15,Kisumu,Maize,KG,Wholesale,KES,33.84
2019-04-15,Kisumu,Beans,KG,Wholesale,KES,65.81
2019-05-15,Nairobi,Maize,KG,Wholesale,KES,34.74
2019-05-15,Kisumu,Maize,KG,Wholesale,KES,45.05
2019-06-15,Nairobi,Maize,KG,Wholesale,KES,26.85
2019-06-15,Kisumu,Maize,KG,Wholesale,KES,43.84
2019-06-15,Kisumu,Beans,KG,Wholesale,KES,70.12
2019-07-15,Nairobi,Beans,KG,Wholesale,KES,75.58
2019-07-15,Kisumu,Maize,KG,Wholesale,KES,48.99
2019-07-15,Kisumu,Beans,KG,Wholesale,KES,85.0
2019-08-15,Nairobi,Maize,KG,Wholesale,KES,37.71
2019-09-15,Nairobi,Maize,KG,Wholesale,KES,36.45
2019-09-15,Kisumu,Maize,KG,Wholesale,KES,40.44
2019-10-15,Kisumu,Maize,KG,Wholesale,KES,39.95
2019-11-15,Nairobi,Maize,KG,Wholesale,KES,39.91
2020-01-15,Nairobi,Maize,KG,Wholesale,KES,36.85
2020-02-15,Nairobi,Maize,KG,Wholesale,KES,36.64
2020-02-15,Kisumu,Maize,KG,Wholesale,KES,48.02
2020-03-15,Kisumu,Maize,KG,Wholesale,KES,48.79
2020-04-15,Nairobi,Maize,KG,Wholesale,KES,34.66
2020-04-15,Nairobi,Beans,KG,Wholesale,KES,78.41
2020-07-15,Nairobi,Maize,KG,Wholesale,KES,31.96
2020-08-15,Nairobi,Maize,KG,Wholesale,KES,32.91
2020-11-15,Nairobi,Maize,KG,Wholesale,KES,33.77
2021-01-15,Nairobi,Maize,KG,Wholesale,KES,35.05
2021-04-15,Nairobi,Maize,KG,Wholesale,KES,33.59
2021-05-15,Nairobi,Maize,KG,Wholesale,KES,33.13
2021-06-15,Nairobi,Maize,KG,Wholesale,KES,32.83
2021-06-15,Nairobi,Beans,KG,Wholesale,KES,65.81
2021-07-15,Nairobi,Maize,KG,Wholesale,KES,34.0
2021-07-15,Nairobi,Beans,KG,Wholesale,KES,65.65
2021-08-15,Nairobi,Maize,KG,Wholesale,KES,34.0
2021-09-15,Nairobi,Maize,KG,Wholesale,KES,33.81
2021-09-15,Nairobi,Beans,KG,Wholesale,KES,60.05
2021-10-15,Nairobi,Maize,KG,Wholesale,KES,32.23
2021-10-15,Nairobi,Beans,KG,Wholesale,KES,64.79
2021-11-15,Nairobi,Beans,KG,Wholesale,KES,66.74
2022-02-15,Nairobi,Maize,KG,Wholesale,KES,40.04
2022-02-15,Kisumu,Maize,KG,Wholesale,KES,35.59
2022-03-15,Nairobi,Maize,KG,Wholesale,KES,25.03
